Content ID,Title,Description,Category
1,幽霊屋敷の秘密,町外れの森の中に佇む古びた屋敷。その屋敷には、誰も近づこうとはしない恐ろしい噂があった。ある日、若い探検家のユウが友人たちと共に、真相を探るために屋敷に足を踏み入れる。彼らはそこに住む幽霊の正体と、屋敷に秘められた悲しい過去を解き明かすため、数々の謎を解決しなければならない。友情と勇気を試される冒険が始まる。,フィクション
2,星の彼方に - 宇宙探索の物語,人類の宇宙探査の歴史を辿るノンフィクション作品。初の月面着陸や火星探査機の発射、宇宙飛行士たちの壮絶な挑戦を詳細なデータとともに紹介し、宇宙に対する人類の夢と希望を描く。,ノンフィクション
3,戦国時代の真実,日本の戦国時代についての詳細な研究書。各地で繰り広げられた武士たちの戦い、策略、人間模様を描く。著者は歴史学者であり、当時の文献や遺跡を基にした現地調査の結果も紹介し、戦国時代の実態を明らかにする。,歴史
4,未来のエネルギー革命,本書では、再生可能エネルギーの最新技術と、その導入がもたらす社会的影響について探求します。各種のエネルギー源、特に太陽光発電、風力発電、そして水素エネルギーの利用法とそのメリット・デメリットを分析し、未来の持続可能なエネルギー社会に向けた展望を提供します。,科学
5,風の歌を聴け,村上春樹のデビュー作。若者の孤独や愛の形を描いた短編小説集で、彼の独特な文体と世界観が広がる。1960年代の日本を背景に、青春の葛藤や心の叫びが織り交ぜられ、読者を引き込む。,文学
6,存在の探求：哲学的な旅,この書籍は、存在という概念を深く掘り下げ、さまざまな哲学者の視点からその意義と解釈について考察します。古代ギリシャの哲学から現代の実存主義まで、存在の意味を探求する旅に読者を誘います。,哲学
7,心の迷宮,『心の迷宮』は、人間の心の複雑さを探求する心理学の書籍です。この本では、感情や思考がどのように人の行動に影響を与えるのか、またそれが私たちの生活にどのように反映されるのかを考察します。心理学の基本理論を基に、実生活の事例を交えながら、心のメカニズムを理解する手助けをします。特に、ストレスや不安、幸福感の心理的背景を掘り下げ、読者が自己理解を深めるためのヒントを提供します。,心理学
8,自己啓発の達人になるためのアプローチ,この書籍では、自己啓発に役立つ具体的な方法や、成功するためのマインドセットについて深く掘り下げています。読者は、自分自身を見つめ直し、効果的な目標設定や時間管理のテクニックを学ぶことで、より充実した人生を送るためのヒントを得ることができます。自分を成長させるための実践的なワークシートも充実しており、日々の生活にすぐに役立てることができる内容です。,自己啓発
9,戦略的思考のフレームワーク,この書籍では、ビジネスにおける戦略的思考の重要性を解説しています。さまざまなフレームワークやモデルを用いて、具体的なケーススタディを通じて効果的な戦略の構築方法を学ぶことができます。特に、中小企業やスタートアップに役立つ実践的なアプローチが紹介されています。,ビジネス・経済
10,現代社会とその課題,この書籍では、現代社会が直面するさまざまな問題について掘り下げます。経済格差、環境問題、少子高齢化、教育の格差など、現在の日本社会に影響を与える要因を多角的に分析し、解決策を模索します。著者の豊富な経験に基づく視点と、最新のデータを交えた考察が特徴です。,社会
11,未来の教育：新しい学び方の提案,この書籍では、急速に変化する社会に適応するための革新的な教育手法について探求します。従来の教育制度の限界を乗り越え、個々の学びを最大限に引き出す方法を提案。実践的な事例や最新の研究結果を基にしたアプローチが紹介されています。,教育
12,星の王子さまの冒険,不思議な星々を旅する小さな王子とその仲間の物語。友情、愛、そして大切なことを見つけるための心温まる冒険を描く。子供たちに夢を与える、言葉遊びやイラストが楽しめる一冊。,子供向け書籍
13,消失の街,異世界の扉が開かれた日、17歳の少女ミユは、友達とともにその街に足を踏み入れる。そこで待ち受けていたのは、奇妙な住人たちと、時を操る能力を持った少年の存在。彼らは、街を消し去ろうとする悪の力に立ち向かうために力を合わせる。友情や勇気、恋愛を通じて成長する彼女たちの物語。,YA（ヤングアダルト）
14,銀河の向こう側で,未来の宇宙旅行を描いた壮大な物語。人類が銀河系を越え、新たな星系にたどり着いた時、未知の生命体との接触が待ち受けている。彼らの文化、技術、そして人間に対する考え方に触れながら、人間とは何かを問い直す冒険が展開される。,SF（サイエンスフィクション）
15,魔法の森の秘密,この物語は、神秘的な魔法の森に住む若い魔女、リラの冒険を描いています。リラは、古代の魔法を紡ぐ書物を探し求め、さまざまな試練に立ち向かいます。彼女の旅には、友達になった妖精や勇敢なドラゴン、賢い老賢者たちが登場し、彼女を助けます。果たして、リラは伝説の書物を手に入れ、魔法の森を守ることができるのでしょうか。想像力をかき立てるファンタジー作品。,ファンタジー
16,影の追跡者,舞台は静かな田舎町。主人公は引退した刑事の佐藤。彼の元に、過去の未解決事件の関連があるとされる新たな殺人事件の情報が舞い込む。徐々に明らかになる町の人々の裏の顔。佐藤は、再び捜査の手に乗り出し、次第に明らかになる真実に直面する。果たして彼は、影の追跡者を見つけ出すことができるのか？卓越した観察力と推理力で事件の背後に迫る心理ミステリー。,ミステリー・推理小説
17,霧の中の目撃者,小さな村で起こる不可解な失踪事件。村人たちは、濃い霧に包まれた夜、目撃した奇妙な影に怯える。主人公は、友人を救うために真実を追い求めるが、次第に自身も恐怖の渦に巻き込まれていく。霧の中に潜む恐怖とは一体何なのか。,ホラー
18,月の歌,この詩は、夜空に輝く月をテーマにした作品です。月の美しさや神秘に触れながら、心の奥底に秘めた感情を表現しています。月明かりが照らす静寂な夜に、見つめる者の心に宿る、幻想的な情景が描かれています。時には寂しさを、時には希望を与える月の存在について、深い思索が織り込まれています。,詩
19,日本国内の秘境を求めて,日本各地に眠る秘境を探索する旅を記した旅行記。絶景と共に、その地の文化や人々との出会いを綴る。自然の美しさや歴史的背景を味わいながら、普段とは違った旅行の楽しみ方を提案する一冊。,旅行
20,和風スパゲッティ,和風スパゲッティは、和の要素を取り入れた新しいタイプのパスタ料理です。これにより、イタリアンと日本の風味が絶妙に融合します。材料には、スパゲッティ、しょうゆ、みりん、ネギ、海苔、鰹節などを使います。作り方は、まずスパゲッティを茹で、次にフライパンでネギを炒め、茹であがったスパゲッティを加え、しょうゆとみりんで味を整えます。最後に海苔と鰹節をトッピングして完成です。シンプルでありながら深い味わいの一品です。,レシピ・料理
21,心と体のバランスを整えるヨガの秘密,この書籍では、心と体の調和をもたらすヨガの基本から、実践的方法、呼吸法までを詳しく解説しています。初心者から上級者まで、自分のペースでヨガを楽しむためのアドバイスやプログラムが満載です。日常生活に取り入れやすいストレッチや瞑想のテクニックも紹介し、心身の健康を促進します。,健康・フィットネス
22,手作りの温もり: 簡単に作れる布小物のアイデア集,この本では、初心者でも手軽に作れる布小物のアイデアを豊富に紹介しています。シンプルなデザインから、少し工夫を加えたアイテムまで、幅広いジャンルの作品が満載。必要な材料や作り方のステップが詳細に説明されているので、手芸が初めての方でも安心して挑戦できます。自分用にも大切な人へのプレゼントにもぴったりの、心温まる作品を手作りしてみませんか。,趣味・クラフト
23,音楽理論の基礎,音楽理論の基本概念を分かりやすく解説した一冊。和音、旋律、リズムの構造に加え、作曲のテクニックまで幅広く扱っています。初心者から中級者向けの内容で、楽器演奏者にも役立つ情報が多数収められています。,音楽
24,映画の背後にある真実,映画制作の裏側や、成功した作品の秘話を掘り下げた一冊。名監督や俳優へのインタビューを通じて、彼らの創造力や苦悩に迫ります。映画ファン必見の内容。,映画・演劇
25,日常の小さな幸せ,このエッセイでは、私の日常生活における小さな幸せについて綴ります。朝のコーヒーの香り、季節の移り変わり、友人との何気ない会話など、些細な瞬間に感じる喜びの大切さを振り返り、忙しさに埋もれがちな日常における幸福を再発見する方法を探ります。また、これらの瞬間がどのように私の心の支えとなっているのか、どうやってストレスから解放されるのかを掘り下げます。,エッセイ
26,星の導き: 宇宙科学者の軌跡,本書は、著名な宇宙科学者である田中健一の人生を描いた伝記です。彼の幼少期から始まり、NASAでの研究生活、そして人類初の火星探査ミッションに参加するまでの道のりを詳細に紹介しています。田中の情熱、努力、そして数々の困難を乗り越えてきた背景を通じて、読者は科学の魅力と人間の可能性を再認識することができるでしょう。,伝記
27,宗教の旅: 世界の信仰探求,異なる文化や歴史に根ざした様々な宗教を紹介する一冊です。本書では、主要な宗教の教義、儀式、信者の生活に焦点を当て、さらにそれぞれの宗教が現代社会にどのように影響を与えているか探ります。キリスト教、イスラム教、仏教、ヒンズー教など、世界中の宗教について学ぶことで、互いの理解を深める手助けとなるでしょう。,宗教
28,世界の国々を巡る旅,この書籍では、世界中のさまざまな国や地域について詳しく解説しています。各国の文化、歴史、名所、伝統的な料理などを紹介し、旅行者が訪れる際に役立つ情報を提供します。また、国の地理的特徴や社会的背景についても触れ、より深い理解を促します。地理に対する興味を持つ方や旅行を計画している方に最適な一冊です。,地理
29,現代政治理論入門,この書籍は、現代の政治理論の基礎を探るためのガイドです。民主主義、全体主義、フェミニズム、環境政治など、さまざまな観点から政治理論を分析し、時代背景や主要な理論家の思想を分かりやすく解説します。学生や一般読者にとって、政治的思考を広げるための一冊です。,政治
30,色彩の魔法：色の心理学とデザイン,この書籍では、色の持つ力とその心理的影響について探求します。美術やデザインにおける色の使い方を通じて、視覚的な印象や感情に与える影響を解説し、実際のアート作品を挙げながら具体例を示します。デザイナーやアーティストはもちろん、色彩に興味のあるすべての人にとっての必携本です。,アート
